,aatrox,ahri,akali,alistar,amumu,anivia,annie,ashe,aurelionsol,azir,bard,blitzcrank,brand,braum,caitlyn,camille,cassiopeia,chogath,corki,darius,diana,drmundo,draven,ekko,elise,evelynn,ezreal,fiddlesticks,fiora,fizz,galio,gangplank,garen,gnar,gragas,graves,hecarim,heimerdinger,illaoi,irelia,ivern,janna,jarvaniv,jax,jayce,jhin,jinx,kaisa,kalista,karma,karthus,kassadin,katarina,kayle,kayn,kennen,khazix,kindred,kled,kogmaw,leblanc,leesin,leona,lissandra,lucian,lulu,lux,malphite,malzahar,maokai,masteryi,missfortune,monkeyking,mordekaiser,morgana,nami,nasus,nautilus,neeko,nidalee,nocturne,nunu,olaf,orianna,ornn,pantheon,poppy,pyke,quinn,rakan,rammus,reksai,renekton,rengar,riven,rumble,ryze,sejuani,shaco,shen,shyvana,singed,sion,sivir,skarner,sona,soraka,swain,sylas,syndra,tahmkench,taliyah,talon,taric,teemo,thresh,tristana,trundle,tryndamere,twistedfate,twitch,udyr,urgot,varus,vayne,veigar,velkoz,vi,viktor,vladimir,volibear,warwick,xayah,xerath,xinzhao,yasuo,yorick,zac,zed,ziggs,zilean,zoe,zyra
aatrox,7,0,0,0,0,0,0,0,0,0,0,1,0,0,0,0,0,0,1,0,0,0,0,0,0,0,1,0,0,0,0,0,0,1,2,2,0,1,0,0,1,0,2,0,0,0,0,0,0,1,0,1,0,0,0,0,0,0,0,0,0,0,0,0,0,0,0,0,1,0,0,0,0,0,0,0,0,0,0,0,0,0,0,3,0,0,0,0,0,2,0,0,0,0,0,0,0,0,0,0,0,0,0,0,0,1,0,0,0,1,0,0,0,0,0,0,0,0,0,1,0,0,1,1,0,0,0,0,0,1,0,0,2,0,0,0,0,0,0,0,0,0,0
ahri,0,680,0,64,0,0,38,66,0,1,18,10,0,45,47,23,4,1,61,1,1,8,5,6,73,6,54,1,22,7,14,9,0,48,86,129,22,0,3,26,7,65,56,5,5,30,21,0,72,56,0,3,0,4,0,20,60,6,8,19,0,98,21,17,91,76,0,16,25,95,1,9,0,0,34,34,0,64,0,24,2,11,10,0,0,6,32,0,4,2,5,85,38,43,1,46,11,9,0,62,2,0,15,70,0,6,5,1,0,0,21,0,0,2,0,105,24,28,0,0,8,0,3,46,10,0,1,18,0,0,0,2,9,0,0,0,0,7,0,1,1,0,27
akali,0,0,12,0,0,0,0,2,0,0,0,1,0,2,1,0,0,0,1,0,0,0,0,1,1,0,0,0,0,0,1,0,0,0,0,0,1,0,0,0,0,1,0,0,1,1,0,0,1,0,0,0,0,0,0,0,1,0,0,0,2,2,1,0,1,1,0,0,1,0,0,0,0,0,1,0,0,0,0,1,0,0,0,1,0,0,0,0,0,1,0,4,0,1,0,0,0,0,0,1,0,0,1,0,0,0,0,0,0,0,0,1,0,0,0,2,0,0,0,0,2,0,0,3,1,0,0,0,1,0,0,0,1,0,0,1,0,1,0,0,0,0,0
alistar,0,64,0,1629,2,13,0,95,8,121,0,0,0,0,56,15,83,32,239,9,11,11,6,88,259,50,194,1,84,29,25,103,0,178,268,122,70,0,2,34,4,1,85,29,38,77,26,0,227,28,4,43,0,3,4,21,29,86,6,64,118,93,0,98,239,123,15,29,30,198,2,13,1,3,13,1,1,86,0,139,3,25,27,98,3,1,107,0,22,0,12,264,32,15,16,136,67,85,1,88,10,0,5,239,2,0,0,10,0,51,25,51,1,0,0,2,136,76,0,50,12,6,21,91,50,2,4,2,181,56,0,3,38,4,2,24,0,34,37,12,23,5,0
amumu,0,0,0,2,7,0,0,2,0,0,0,0,0,0,0,0,1,0,1,0,1,0,0,1,0,0,0,0,0,0,0,0,0,2,0,1,1,0,0,0,0,0,0,0,0,0,0,0,0,2,0,0,0,0,0,0,0,0,0,0,1,0,0,0,0,1,0,0,0,0,0,0,0,0,0,1,0,0,0,0,0,0,0,1,0,0,0,0,0,1,0,0,0,0,0,1,0,0,0,0,0,0,0,0,0,0,0,0,0,0,0,0,0,0,1,0,2,0,0,0,1,0,0,2,0,0,0,0,0,0,0,0,1,0,0,1,0,0,0,0,0,0,0
anivia,0,0,0,13,0,131,0,17,0,0,13,0,3,27,10,1,0,3,0,2,0,0,0,11,22,1,21,0,9,4,0,3,0,10,21,14,3,0,0,10,1,2,3,4,0,9,3,0,8,15,0,0,0,1,2,2,5,7,0,5,0,7,0,3,11,4,0,2,1,12,0,4,0,0,4,7,0,3,0,14,0,0,3,0,0,1,11,0,0,3,2,29,2,0,0,3,0,2,1,16,0,1,0,21,0,0,4,1,0,0,6,0,0,5,0,7,5,17,0,0,3,0,2,7,1,0,0,0,0,1,0,0,3,0,0,0,0,0,0,0,1,0,9
annie,0,38,0,0,0,0,282,1,1,24,0,0,0,0,10,0,17,4,55,4,4,2,2,8,7,12,16,1,1,13,2,1,0,44,36,34,19,0,0,12,0,1,38,0,7,0,12,0,47,0,2,18,1,0,0,4,2,0,0,4,24,35,0,21,16,22,0,0,0,69,1,0,0,0,4,0,0,5,0,17,4,11,9,15,0,0,1,0,0,0,0,71,8,13,1,42,5,9,0,10,1,0,12,82,0,0,0,0,0,3,0,0,1,0,0,0,2,1,0,11,1,0,4,9,5,0,0,12,26,6,0,0,0,12,0,4,2,3,14,0,0,0,0
ashe,0,66,2,95,2,17,1,1572,14,54,63,10,8,182,0,43,116,14,68,4,3,2,1,100,231,12,0,0,58,31,51,46,0,122,249,156,34,0,8,50,28,10,67,16,60,0,0,0,0,257,2,35,15,1,5,56,201,27,29,5,79,208,7,23,17,125,2,4,109,143,0,55,0,0,22,83,0,145,0,63,7,0,45,170,0,2,68,0,1,19,2,224,88,107,6,121,101,14,1,180,2,7,7,0,2,6,15,18,0,148,121,105,15,35,2,141,0,99,0,32,0,0,1,22,0,3,6,0,138,96,1,4,0,1,0,6,3,24,23,6,24,0,207
aurelionsol,0,0,0,8,0,0,1,14,84,0,6,1,0,10,15,2,0,2,0,0,0,0,0,8,11,0,12,0,4,1,1,1,0,6,11,5,0,0,0,1,1,0,10,4,6,12,0,0,4,11,0,0,0,0,0,3,5,5,2,3,0,21,0,0,2,2,0,0,0,11,0,3,0,0,1,6,0,3,0,3,0,0,4,0,0,0,5,0,0,2,0,7,2,6,0,3,0,2,0,10,0,0,1,8,0,0,2,1,0,0,5,0,0,1,0,11,3,4,0,0,2,0,0,5,0,0,0,0,0,0,0,0,3,0,0,0,0,0,0,0,0,0,11
azir,0,1,0,121,0,0,24,54,0,899,64,6,3,170,51,5,0,6,60,7,0,3,4,61,129,21,120,0,17,24,1,30,1,107,150,65,42,0,5,42,5,61,38,13,6,56,24,0,83,84,0,1,0,0,1,3,20,67,1,30,0,45,15,6,129,11,0,1,4,136,0,7,0,1,38,39,1,71,0,66,1,23,23,1,25,2,72,0,0,3,6,170,8,12,4,42,12,32,0,70,8,0,10,153,4,0,18,15,0,0,37,2,0,12,0,100,47,97,0,0,4,1,7,34,23,2,0,4,0,12,0,0,4,1,1,2,0,17,1,1,1,0,15
bard,0,18,0,0,0,13,0,63,6,64,668,1,1,0,77,0,37,9,65,0,0,3,4,58,107,2,88,1,29,21,9,26,2,62,126,71,17,1,2,31,5,0,21,12,12,74,2,0,43,27,0,13,0,0,2,10,13,51,7,3,45,34,0,32,113,22,12,10,12,54,0,3,0,0,2,0,0,28,0,49,1,8,22,26,0,2,46,0,9,0,6,150,15,7,1,20,32,10,0,65,1,2,2,104,0,0,0,15,0,26,6,25,2,0,0,0,16,77,0,26,0,4,2,38,5,0,1,0,76,39,0,2,12,2,0,3,0,8,8,6,19,0,0
blitzcrank,1,10,1,0,0,0,0,10,1,6,1,198,0,0,27,7,18,10,16,1,0,0,1,1,31,0,3,1,6,1,12,1,1,25,45,12,1,0,1,3,3,0,28,3,7,11,2,0,31,4,0,10,0,1,2,9,13,1,11,2,11,22,0,3,17,2,0,0,1,22,0,0,0,2,1,0,0,5,0,4,0,4,5,30,0,0,1,0,0,0,0,29,14,6,0,13,6,7,0,15,0,0,2,4,0,0,0,2,0,25,2,21,1,0,0,0,25,5,0,4,10,0,1,32,0,0,0,1,6,4,0,2,24,2,0,1,0,5,1,0,0,0,0
brand,0,0,0,0,0,3,0,8,0,3,1,0,56,0,5,4,6,0,1,0,1,0,1,2,10,1,5,0,0,2,4,3,0,5,10,5,1,0,1,2,2,0,6,2,2,8,0,0,4,2,0,1,0,0,0,2,8,0,1,1,1,1,0,0,5,1,0,0,1,2,0,2,0,0,0,0,0,6,0,4,0,1,0,10,0,0,2,0,0,0,0,5,4,4,0,1,2,2,0,6,0,0,0,4,0,0,0,1,0,2,0,3,0,0,0,0,1,4,0,0,0,0,0,14,0,0,0,0,3,3,0,0,2,0,0,0,0,2,2,0,0,0,0
braum,0,45,2,0,0,27,0,182,10,170,0,0,0,2115,180,54,112,37,266,4,7,7,6,130,352,18,215,1,78,39,59,97,0,193,369,206,33,0,4,86,10,0,132,45,58,142,20,0,192,71,0,51,3,7,7,48,100,102,37,108,105,154,0,76,357,108,15,34,52,211,1,4,0,0,3,0,2,76,0,165,3,5,33,134,18,3,124,0,11,0,18,336,99,28,6,113,117,117,0,163,5,2,4,235,3,0,0,41,0,110,12,100,10,0,0,0,143,134,0,37,45,3,5,182,28,3,12,5,218,94,0,4,48,9,1,15,0,43,32,8,50,5,1
caitlyn,0,47,1,56,0,10,10,0,15,51,77,27,5,180,1134,51,69,19,84,0,2,1,0,67,151,3,3,0,39,31,64,23,0,62,193,99,5,1,4,26,53,49,93,20,56,1,0,0,0,179,0,27,4,2,3,44,83,35,28,2,63,126,4,20,19,131,8,7,58,109,0,6,0,0,43,53,0,49,0,60,1,11,39,121,5,1,62,0,5,10,3,142,77,48,1,88,74,31,1,112,2,0,5,0,3,3,9,17,0,96,71,80,10,10,0,104,0,65,0,10,0,2,3,8,0,6,3,3,89,31,1,8,0,1,0,6,3,27,18,3,23,3,70
camille,0,23,0,15,0,1,0,43,2,5,0,7,4,54,51,425,29,1,43,0,1,0,2,7,64,2,50,1,0,1,25,1,0,3,64,32,2,0,0,0,12,10,17,1,6,44,0,0,38,67,2,9,3,2,1,6,44,0,0,10,21,49,2,0,13,50,1,0,27,11,0,13,0,0,7,12,0,4,0,7,1,0,11,63,2,0,0,0,0,23,0,33,1,23,0,8,25,28,1,15,1,0,0,18,0,1,2,2,0,49,29,41,3,10,0,39,37,3,0,4,5,0,0,74,3,0,1,1,17,13,0,1,28,1,1,0,0,17,2,5,10,1,25
cassiopeia,0,4,0,83,1,0,17,116,0,0,37,18,6,112,69,29,922,32,22,2,1,2,3,16,105,13,66,1,22,8,19,19,0,99,167,59,36,0,3,33,16,29,78,12,38,114,13,0,66,100,0,2,0,0,3,23,73,6,21,29,1,85,5,6,66,61,1,1,31,120,0,5,0,0,25,41,0,67,0,32,0,13,32,1,3,0,38,0,0,36,2,162,45,36,2,56,5,48,0,94,2,2,5,103,3,2,5,2,0,1,55,0,0,16,2,126,66,62,0,0,15,0,11,111,10,1,0,1,0,2,1,7,38,2,0,1,1,15,2,1,1,0,53
chogath,0,1,0,32,0,3,4,14,2,6,9,10,0,37,19,1,32,326,39,0,0,1,3,2,8,1,7,0,1,3,13,2,0,13,69,5,9,0,0,2,2,31,55,5,4,16,5,0,38,6,0,7,0,0,6,11,16,0,3,30,10,7,6,0,21,25,3,0,10,32,0,0,0,1,20,1,0,6,0,3,0,3,1,40,1,0,3,0,0,36,0,38,3,4,1,5,12,49,0,7,1,0,1,33,0,1,4,0,0,28,15,34,3,17,0,46,58,9,0,2,11,0,10,24,7,1,1,2,3,7,0,0,36,1,1,1,0,7,1,4,0,2,2
corki,1,61,1,239,1,0,55,68,0,60,65,16,1,266,84,43,22,39,1744,0,6,21,7,35,203,24,117,0,78,30,11,59,0,127,289,130,54,0,2,41,40,156,170,28,62,128,7,0,129,73,2,36,0,1,2,29,114,38,25,34,47,165,39,68,87,112,12,27,55,257,3,27,1,0,97,47,0,145,0,95,1,18,20,31,3,8,114,0,18,46,18,299,66,49,7,159,40,78,1,132,5,7,18,39,0,9,9,2,0,13,68,1,5,23,0,232,87,108,0,25,11,4,11,209,4,4,2,13,68,11,0,2,51,23,2,21,1,24,64,4,16,0,58
darius,0,1,0,9,0,2,4,4,0,7,0,1,0,4,0,0,2,0,0,50,2,0,0,1,14,2,0,0,0,3,0,2,0,0,6,0,0,0,0,0,1,0,1,0,0,1,9,0,12,2,1,2,1,0,0,3,1,0,0,1,2,6,1,1,2,5,0,0,1,0,0,2,0,2,5,0,0,0,0,2,0,0,1,3,0,0,0,0,0,0,0,11,0,4,0,0,3,0,0,2,0,0,0,4,1,0,1,0,0,2,3,3,0,0,0,10,9,0,0,3,0,0,0,3,1,1,0,0,2,0,0,0,2,0,0,0,0,0,1,0,0,0,2
diana,0,1,0,11,1,0,4,3,0,0,0,0,1,7,2,1,1,0,6,2,79,0,0,3,10,3,3,0,2,1,0,2,0,5,13,6,8,0,0,2,0,9,5,0,0,0,5,0,12,1,0,0,0,0,0,4,0,1,0,7,0,3,5,1,6,10,0,1,0,13,0,0,0,0,6,1,0,5,0,4,0,1,3,0,0,0,2,0,0,0,1,22,0,1,0,6,2,5,0,11,0,0,4,25,0,0,0,0,0,0,0,0,0,0,0,23,2,2,0,0,0,1,0,0,3,0,0,1,0,1,0,0,0,0,0,0,0,2,1,0,0,0,0
drmundo,0,8,0,11,0,0,2,2,0,3,3,0,0,7,1,0,2,1,21,0,0,107,1,0,12,0,7,0,3,3,0,0,0,2,4,4,0,0,0,0,0,22,9,0,6,1,2,0,12,0,0,5,0,0,0,0,13,1,0,3,8,15,3,9,27,12,2,1,0,0,0,5,0,0,10,11,0,2,0,4,0,1,1,7,1,0,0,0,0,0,0,18,0,3,0,0,7,4,0,4,0,0,0,5,1,3,0,0,0,8,2,0,2,0,0,16,17,6,0,3,3,0,2,3,2,1,0,0,9,0,0,0,2,6,0,1,0,0,3,2,4,0,1
draven,0,5,0,6,0,0,2,1,0,4,4,1,1,6,0,2,3,3,7,0,0,1,64,4,6,2,4,0,2,1,0,1,0,6,13,0,1,1,0,2,1,9,6,1,3,0,0,0,0,5,0,3,0,0,1,1,3,0,1,0,2,4,1,0,1,8,1,0,2,10,0,0,0,0,9,2,0,2,0,4,0,1,4,8,0,0,1,0,1,0,0,9,3,4,0,4,3,3,0,8,1,0,2,0,0,0,0,1,0,2,0,5,0,0,0,11,0,2,0,1,0,0,0,0,0,0,0,1,3,1,0,0,0,1,0,0,0,4,1,0,2,0,0
ekko,0,6,1,88,1,11,8,100,8,61,58,1,2,130,67,7,16,2,35,1,3,0,4,755,80,3,95,0,9,16,4,10,0,26,95,103,24,2,0,4,7,36,6,3,19,83,10,0,52,100,0,12,0,2,0,9,31,63,7,20,30,58,5,22,87,50,1,0,31,46,0,13,0,1,25,34,2,51,0,39,0,2,17,11,0,1,15,0,0,8,1,122,22,19,2,22,33,4,0,34,0,1,2,124,0,4,17,11,0,10,30,18,4,23,1,60,15,42,0,18,6,0,1,80,13,2,2,0,83,29,0,1,10,0,0,3,0,7,12,3,13,0,26
elise,0,73,1,259,0,22,7,231,11,129,107,31,10,352,151,64,105,8,203,14,10,12,6,80,2065,0,244,4,133,31,44,103,0,156,49,19,7,0,4,70,0,70,85,33,131,169,22,0,172,232,3,47,6,9,1,53,0,3,51,62,111,1,21,81,324,167,17,36,73,132,0,31,0,2,65,100,0,125,0,2,0,0,18,130,0,5,175,0,23,33,8,0,144,0,9,59,89,4,0,155,0,3,8,205,0,6,25,13,0,134,130,107,31,25,2,262,116,235,0,48,29,0,4,254,21,7,12,0,190,75,0,0,61,6,0,6,1,1,74,15,25,0,90
evelynn,0,6,0,50,0,1,12,12,0,21,2,0,1,18,3,2,13,1,24,2,3,0,2,3,0,172,23,0,1,8,0,6,0,16,1,0,15,0,0,4,0,12,0,2,2,5,2,0,13,6,1,4,0,0,0,7,0,0,2,12,9,0,3,0,15,8,0,2,5,39,2,1,0,0,12,2,0,19,0,0,0,0,1,9,3,0,4,0,1,0,0,2,3,0,1,24,13,0,0,21,2,0,0,43,0,1,1,0,0,4,5,1,1,1,0,17,15,2,0,10,1,0,4,9,14,1,1,0,29,3,0,0,0,0,0,2,0,0,3,0,1,0,0
ezreal,1,54,0,194,0,21,16,0,12,120,88,3,5,215,3,50,66,7,117,0,3,7,4,95,244,23,1449,4,58,35,6,53,0,101,191,188,33,0,6,39,9,65,66,27,37,3,5,0,11,251,4,20,5,1,0,19,82,70,8,14,80,114,10,69,12,146,11,19,50,148,0,3,1,0,41,104,0,146,0,99,2,6,49,87,9,6,117,0,7,0,2,196,31,82,2,88,121,18,0,104,5,5,10,23,1,4,26,22,0,74,68,30,15,16,1,88,9,182,0,22,1,7,4,32,9,6,4,5,147,72,1,2,2,12,2,1,0,18,36,4,25,6,60
fiddlesticks,0,1,0,1,0,0,1,0,0,0,1,1,0,1,0,1,1,0,0,0,0,0,0,0,4,0,4,11,0,0,0,2,1,2,2,1,0,0,0,0,0,1,1,0,0,0,0,0,0,0,0,0,0,0,1,1,0,0,0,1,1,0,0,0,0,0,0,0,0,2,0,0,0,0,0,0,0,0,0,0,0,0,0,1,1,0,0,0,0,0,0,0,1,0,0,0,0,1,0,0,1,0,0,0,0,0,0,0,0,2,0,0,1,0,0,0,1,0,0,0,1,0,0,2,0,0,0,0,0,0,0,0,0,0,0,0,0,0,0,0,0,0,0
fiora,0,22,0,84,0,9,1,58,4,17,29,6,0,78,39,0,22,1,78,0,2,3,2,9,133,1,58,0,535,7,7,6,0,0,87,40,3,0,0,0,9,16,3,0,5,42,4,0,69,47,0,18,1,0,0,8,20,13,1,9,31,53,2,20,92,51,14,0,25,2,0,9,0,0,27,10,0,12,0,28,1,4,14,38,0,0,7,0,0,5,2,83,0,11,0,2,26,9,0,8,0,0,0,29,0,0,4,3,0,25,32,23,2,2,0,74,26,33,0,20,3,3,0,41,4,5,1,0,53,14,0,4,12,1,0,1,0,5,7,8,15,0,33
fizz,0,7,0,29,0,4,13,31,1,24,21,1,2,39,31,1,8,3,30,3,1,3,1,16,31,8,35,0,7,337,4,1,0,15,50,36,6,0,0,7,3,25,15,1,9,4,4,0,14,36,2,4,0,1,0,6,19,11,4,10,7,44,7,7,42,25,0,3,5,19,0,2,0,0,11,14,0,26,0,17,0,9,4,15,0,1,3,0,0,1,0,71,5,15,1,7,11,7,0,13,0,2,0,57,0,3,7,9,0,12,7,7,1,2,0,42,21,7,0,16,12,1,5,23,15,0,1,0,28,9,1,0,5,3,0,2,0,0,5,0,6,0,10
galio,0,14,1,25,0,0,2,51,1,1,9,12,4,59,64,25,19,13,11,0,0,0,0,4,44,0,6,0,7,4,446,2,0,24,81,27,0,1,0,3,9,20,79,9,13,16,3,0,39,34,0,6,0,0,5,16,65,1,19,34,8,39,1,1,17,42,0,0,2,16,0,2,0,2,10,6,2,2,0,9,1,2,21,38,2,0,1,0,0,49,0,37,39,8,1,43,4,25,0,14,0,0,0,6,0,1,0,0,0,24,25,24,0,9,0,69,48,11,0,0,26,0,0,80,1,0,1,0,8,11,0,7,62,0,0,1,0,16,2,1,1,0,24
gangplank,0,9,0,103,0,3,1,46,1,30,26,1,3,97,23,1,19,2,59,2,2,0,1,10,103,6,53,2,6,1,2,510,0,3,93,29,5,0,0,0,6,24,17,2,1,77,2,0,41,43,2,18,3,2,0,6,16,18,0,14,22,21,0,26,91,21,5,8,46,11,0,13,0,0,16,8,0,15,0,42,1,2,6,14,3,1,19,0,1,1,2,82,0,13,0,4,19,18,0,4,4,0,1,59,3,0,4,4,0,16,50,16,0,26,0,38,23,45,0,13,2,1,2,35,5,4,1,0,38,29,0,0,1,2,0,2,0,17,3,1,10,8,8
garen,0,0,0,0,0,0,0,0,0,1,2,1,0,0,0,0,0,0,0,0,0,0,0,0,0,0,0,1,0,0,0,0,2,0,0,0,0,0,0,0,0,0,0,0,0,0,0,0,1,0,0,0,0,0,1,0,0,0,0,0,0,0,0,0,0,0,0,0,0,0,0,0,0,0,0,0,0,0,0,0,0,0,0,0,0,0,0,0,0,0,0,0,0,0,0,0,0,0,0,0,1,0,0,0,0,0,0,0,0,0,0,0,0,0,0,0,0,0,0,0,0,0,0,0,0,0,0,0,0,0,0,0,0,0,0,0,0,0,0,0,0,0,0
gnar,1,48,0,178,2,10,44,122,6,107,62,25,5,193,62,3,99,13,127,0,5,2,6,26,156,16,101,2,0,15,24,3,0,1291,282,59,15,0,0,0,7,90,105,4,6,86,29,0,125,111,2,44,0,0,2,11,22,17,0,68,76,65,18,45,115,70,8,0,50,22,0,7,1,0,52,36,1,27,0,82,1,17,20,102,2,4,1,0,1,41,0,237,0,21,0,1,49,81,0,14,6,0,1,205,0,4,14,4,0,81,80,55,0,44,0,174,108,40,0,25,23,0,15,73,16,2,9,5,115,70,0,6,51,29,0,0,0,43,7,11,15,5,13
gragas,2,86,0,268,0,21,36,249,11,150,126,45,10,369,193,64,167,69,289,6,13,4,13,95,49,1,191,2,87,50,81,93,0,282,2555,118,63,2,6,84,13,161,96,25,77,211,54,0,228,241,2,80,4,4,4,53,73,7,41,131,127,86,18,52,286,217,19,25,67,153,1,12,0,2,111,64,3,148,0,12,4,1,20,211,1,5,92,0,14,109,20,53,113,34,8,106,80,7,3,179,14,0,17,340,0,5,20,12,0,163,147,140,27,48,0,343,180,247,0,56,34,0,22,244,50,3,10,1,223,127,1,5,135,6,1,35,0,10,42,19,42,0,88
graves,2,129,0,122,1,14,34,156,5,65,71,12,5,206,99,32,59,5,130,0,6,4,0,103,19,0,188,1,40,36,27,29,0,59,118,1417,10,0,2,33,0,65,61,13,35,146,3,0,93,199,6,47,6,1,0,32,2,1,6,19,103,31,29,111,161,147,11,11,73,188,0,19,0,2,49,66,0,176,0,26,0,5,13,119,0,2,107,0,5,7,0,46,33,12,2,101,92,18,0,113,0,2,16,109,0,5,14,25,0,101,75,47,5,10,1,141,15,103,0,30,16,1,1,128,7,4,3,13,97,54,0,1,20,22,0,4,3,4,29,12,36,0,79
hecarim,0,22,1,70,1,3,19,34,0,42,17,1,1,33,5,2,36,9,54,0,8,0,1,24,7,15,33,0,3,6,0,5,0,15,63,10,428,0,0,8,0,32,12,2,3,27,17,0,35,58,3,15,0,0,0,7,0,1,0,8,36,16,9,25,59,22,1,1,8,14,0,0,0,0,29,11,0,39,0,14,0,18,3,7,0,0,1,0,0,3,0,74,0,2,0,13,17,26,0,50,0,0,2,118,0,3,2,7,0,5,11,9,0,20,0,61,10,25,0,10,3,1,12,8,12,2,2,4,54,34,0,0,2,7,1,3,0,3,2,2,7,0,4
heimerdinger,1,0,0,0,0,0,0,0,0,0,1,0,0,0,1,0,0,0,0,0,0,0,1,2,0,0,0,0,0,0,1,0,0,0,2,0,0,6,0,1,1,1,1,0,0,0,0,0,0,0,0,0,0,0,0,0,0,0,0,0,0,1,0,0,0,0,0,0,0,1,0,0,0,0,0,0,0,0,0,0,1,1,0,0,0,0,0,0,0,1,0,0,0,0,0,0,0,0,0,1,0,0,0,1,0,0,0,0,0,0,0,0,0,0,1,1,0,0,0,1,0,0,1,0,0,0,0,0,0,0,0,0,0,0,0,0,0,0,0,0,0,0,0
illaoi,0,3,0,2,0,0,0,8,0,5,2,1,1,4,4,0,3,0,2,0,0,0,0,0,4,0,6,0,0,0,0,0,0,0,6,2,0,0,38,0,3,2,0,0,1,4,1,0,1,9,0,0,0,0,0,0,3,0,0,0,3,4,0,0,1,0,0,0,4,0,0,1,0,0,1,1,0,1,0,6,0,0,0,0,0,0,0,0,0,0,0,9,0,0,0,0,6,1,0,0,0,0,0,3,0,0,1,2,0,2,2,4,0,3,0,2,1,1,0,0,2,0,0,5,1,0,0,0,3,1,0,0,0,0,0,0,0,0,0,1,0,0,3
irelia,0,26,0,34,0,10,12,50,1,42,31,3,2,86,26,0,33,2,41,0,2,0,2,4,70,4,39,0,0,7,3,0,0,0,84,33,8,1,0,458,1,33,32,0,1,49,9,0,19,72,4,22,0,0,0,0,10,10,0,4,26,23,13,13,67,10,0,0,10,6,0,1,0,0,14,45,0,10,0,38,2,2,11,14,0,3,0,0,0,1,2,111,0,7,0,5,22,10,0,1,0,0,0,107,0,4,14,9,0,13,7,5,0,2,0,59,15,10,0,17,1,1,5,9,7,1,1,6,49,40,0,1,1,11,0,1,0,1,1,3,27,0,15
ivern,1,7,0,4,0,1,0,28,1,5,5,3,2,10,53,12,16,2,40,1,0,0,1,7,0,0,9,0,9,3,9,6,0,7,13,0,0,1,3,1,231,1,8,1,20,35,1,0,0,53,0,1,4,0,0,19,0,0,4,5,10,0,1,1,15,29,0,0,30,20,0,19,0,0,0,11,0,26,0,0,0,0,0,23,0,0,19,0,0,6,0,0,12,0,1,14,25,1,0,32,0,1,0,7,0,0,2,1,0,28,16,13,5,4,1,18,9,2,0,0,5,0,0,50,0,0,0,0,7,6,0,0,11,0,0,0,1,0,4,0,2,0,24
janna,0,65,1,1,0,2,1,10,0,61,0,0,0,0,49,10,29,31,156,0,9,22,9,36,70,12,65,1,16,25,20,24,0,90,161,65,32,1,2,33,1,873,128,7,36,15,31,0,59,7,9,55,1,3,1,8,31,12,4,84,46,79,0,50,132,70,2,12,10,147,1,3,1,1,11,0,2,19,0,43,2,26,20,74,4,3,29,0,11,0,1,132,14,30,3,87,37,58,0,51,6,2,24,113,0,0,0,2,0,29,6,23,4,0,0,0,75,26,0,22,26,1,11,41,39,2,2,13,62,11,0,1,25,36,1,9,0,12,39,7,9,1,0
jarvaniv,2,56,0,85,0,3,38,67,10,38,21,28,6,132,93,17,78,55,170,1,5,9,6,6,85,0,66,1,3,15,79,17,0,105,96,61,12,1,0,32,8,128,1171,20,29,44,17,0,134,50,7,44,3,0,4,29,32,1,5,82,54,55,31,41,62,97,2,3,22,135,0,1,0,0,65,34,2,14,0,7,1,3,11,176,22,0,4,0,0,77,1,43,26,6,0,88,37,45,0,49,1,4,18,114,0,7,8,2,0,95,69,99,4,36,0,210,141,21,0,11,37,0,4,102,9,6,5,0,36,35,0,5,101,40,0,4,0,27,25,12,5,10,31
jax,0,5,0,29,0,4,0,16,4,13,12,3,2,45,20,1,12,5,28,0,0,0,1,3,33,2,27,0,0,1,9,2,0,4,25,13,2,0,0,0,1,7,20,225,2,19,4,0,21,21,0,10,0,0,0,3,2,5,0,11,6,15,0,6,19,9,1,0,6,7,0,1,0,0,9,5,0,1,0,6,0,1,8,18,1,2,4,0,0,15,0,48,1,1,0,0,8,13,0,0,0,0,0,24,0,0,4,4,0,11,11,14,0,11,0,37,16,4,0,4,2,1,0,25,0,0,0,1,25,12,1,1,13,2,0,0,0,9,1,1,4,2,2
jayce,0,5,1,38,0,0,7,60,6,6,12,7,2,58,56,6,38,4,62,0,0,6,3,19,131,2,37,0,5,9,13,1,0,6,77,35,3,0,1,1,20,36,29,2,579,86,6,0,31,73,0,1,2,1,0,16,38,0,2,20,13,67,2,6,27,54,0,0,33,54,0,23,0,0,16,31,0,33,0,22,1,4,16,29,2,1,14,0,1,10,0,51,8,29,0,105,27,27,0,28,1,2,0,22,2,0,2,0,0,25,36,34,2,9,0,69,27,9,0,2,14,0,0,79,4,0,2,1,15,10,0,4,26,1,0,0,0,17,3,30,2,0,52
jhin,0,30,1,77,0,9,0,0,12,56,74,11,8,142,1,44,114,16,128,1,0,1,0,83,169,5,3,0,42,4,16,77,0,86,211,146,27,0,4,49,35,15,44,19,86,1376,0,0,0,243,3,26,14,2,3,26,168,24,22,1,56,139,10,28,15,58,3,2,132,182,0,43,0,2,25,69,0,113,0,53,0,1,42,112,0,2,88,0,3,9,7,227,58,103,4,123,95,12,0,138,0,8,8,0,4,2,12,26,0,115,145,89,8,28,1,136,0,128,0,16,0,0,0,32,0,2,7,1,97,81,0,5,0,6,0,3,0,18,27,3,19,0,145
jinx,0,21,0,26,0,3,12,0,0,24,2,2,0,20,0,0,13,5,7,9,5,2,0,10,22,2,5,0,4,4,3,2,0,29,54,3,17,0,1,9,1,31,17,4,6,0,253,0,0,5,2,8,1,1,0,6,5,3,2,5,21,24,5,7,0,48,2,6,3,36,0,0,0,0,37,5,0,22,0,17,2,9,9,14,0,2,2,0,0,0,1,44,8,3,5,23,10,21,0,11,7,0,14,0,1,0,0,1,0,8,12,2,2,1,0,73,0,4,0,14,0,4,0,4,0,0,1,8,15,6,0,0,0,6,0,2,0,2,8,4,2,0,1
kaisa,0,0,0,0,0,0,0,0,0,0,0,0,0,0,0,0,0,0,0,0,0,0,0,0,0,0,0,0,0,0,0,0,0,0,0,0,0,0,0,0,0,0,0,0,0,0,0,0,0,0,0,0,0,0,0,0,0,0,0,0,0,0,0,0,0,0,0,0,0,0,0,0,0,0,0,0,0,0,0,0,0,0,0,0,0,0,0,0,0,0,0,0,0,0,0,0,0,0,0,0,0,0,0,0,0,0,0,0,0,0,0,0,0,0,0,0,0,0,0,0,0,0,0,0,0,0,0,0,0,0,0,0,0,0,0,0,0,0,0,0,0,0,0
kalista,0,72,1,227,0,8,47,0,4,83,43,31,4,192,0,38,66,38,129,12,12,12,0,52,172,13,11,0,69,14,39,41,1,125,228,93,35,0,1,19,0,59,134,21,31,0,0,0,1306,14,8,31,2,3,5,51,42,57,29,6,81,106,13,82,12,79,19,27,17,168,2,0,1,2,93,9,3,80,0,81,1,18,22,106,5,3,90,0,20,63,11,231,51,23,4,84,43,69,0,87,10,1,11,0,0,2,7,2,0,59,40,64,1,21,0,334,0,87,0,37,0,3,3,18,0,2,5,11,118,40,1,4,0,10,1,8,0,32,30,5,16,3,7
karma,1,56,0,28,2,15,0,257,11,84,27,4,2,71,179,67,100,6,73,2,1,0,5,100,232,6,251,0,47,36,34,43,0,111,241,199,58,0,9,72,53,7,50,21,73,243,5,0,14,1645,1,30,9,0,1,60,155,43,25,27,62,163,1,32,162,13,1,2,20,196,0,9,0,3,9,16,0,116,0,53,2,4,87,128,1,4,81,0,0,4,0,231,67,119,5,109,128,18,3,185,2,6,0,210,4,0,2,32,0,128,33,73,20,9,1,16,33,123,0,23,26,0,2,201,8,2,0,0,124,75,1,4,24,5,0,5,1,24,21,16,27,1,17
karthus,0,0,0,4,0,0,2,2,0,0,0,0,0,0,0,2,0,0,2,1,0,0,0,0,3,1,4,0,0,2,0,2,0,2,2,6,3,0,0,4,0,9,7,0,0,3,2,0,8,1,43,0,0,0,1,3,1,0,1,2,0,4,2,1,3,4,0,0,0,14,0,2,0,0,1,1,1,8,0,1,0,3,0,0,0,0,0,0,0,0,0,8,0,2,0,0,1,6,0,1,0,0,0,4,0,0,0,0,0,0,4,0,0,0,0,6,1,3,0,0,0,0,2,2,1,0,0,1,0,2,0,0,0,0,0,0,1,0,2,0,0,0,0
kassadin,1,3,0,43,0,0,18,35,0,1,13,10,1,51,27,9,2,7,36,2,0,5,3,12,47,4,20,0,18,4,6,18,0,44,80,47,15,0,0,22,1,55,44,10,1,26,8,0,31,30,0,426,0,0,1,10,19,8,5,3,6,42,9,10,60,25,0,3,7,45,0,1,0,0,22,18,0,16,0,14,2,6,6,1,0,3,11,0,1,9,0,80,25,17,2,24,2,15,0,34,4,0,6,74,0,1,0,2,0,2,22,1,0,14,0,53,29,28,0,0,10,0,1,22,5,1,0,6,0,3,0,1,17,0,0,0,0,11,7,1,1,0,10
katarina,0,0,0,0,0,0,1,15,0,0,0,0,0,3,4,3,0,0,0,1,0,0,0,0,6,0,5,0,1,0,0,3,0,0,4,6,0,0,0,0,4,1,3,0,2,14,1,0,2,9,0,0,59,1,0,1,11,0,1,2,0,7,0,1,4,3,0,1,8,10,0,3,0,0,0,7,0,8,0,0,1,1,4,1,0,0,6,0,0,0,0,8,2,3,0,4,0,0,0,8,0,1,2,0,0,0,0,0,0,0,4,0,0,0,0,9,3,2,0,0,1,0,0,6,1,0,0,0,0,0,0,1,0,0,0,0,0,3,0,1,0,0,8
kayle,0,4,0,3,0,1,0,1,0,0,0,1,0,7,2,2,0,0,1,0,0,0,0,2,9,0,1,0,0,1,0,2,0,0,4,1,0,0,0,0,0,3,0,0,1,2,1,0,3,0,0,0,1,39,0,0,6,0,2,3,0,11,0,2,9,2,0,0,0,3,1,1,0,0,3,2,0,3,0,1,0,0,1,6,0,0,1,0,0,0,0,2,0,1,0,1,0,0,0,3,0,0,0,2,0,0,0,0,0,2,1,0,0,0,0,6,6,1,0,0,4,0,0,4,0,0,0,1,1,0,0,0,1,2,0,2,0,0,3,0,1,0,2
kayn,0,0,0,4,0,2,0,5,0,1,2,2,0,7,3,1,3,6,2,0,0,0,1,0,1,0,0,1,0,0,5,0,1,2,4,0,0,0,0,0,0,1,4,0,0,3,0,0,5,1,1,1,0,0,35,0,0,0,0,2,2,0,0,0,0,3,1,0,0,7,0,0,0,0,0,0,0,0,0,0,0,0,0,3,0,0,0,0,0,3,0,0,0,0,0,1,1,0,0,2,0,0,0,0,0,0,0,0,0,6,2,4,0,1,0,7,8,5,0,0,1,0,2,2,0,0,0,0,0,2,0,0,5,0,0,1,0,0,0,0,0,0,0
kennen,0,20,0,21,0,2,4,56,3,3,10,9,2,48,44,6,23,11,29,3,4,0,1,9,53,7,19,1,8,6,16,6,0,11,53,32,7,0,0,0,19,8,29,3,16,26,6,0,51,60,3,10,1,0,0,431,30,3,3,8,25,63,5,12,30,39,0,6,17,15,0,4,0,0,13,10,0,13,0,14,2,3,21,56,0,0,1,0,0,12,0,59,1,14,6,8,20,22,0,19,2,0,2,31,5,0,1,0,0,30,22,34,5,4,0,49,19,3,0,4,7,0,4,47,2,1,1,4,35,12,0,4,16,1,0,0,0,12,12,9,4,0,29
khazix,0,60,1,29,0,5,2,201,5,20,13,13,8,100,83,44,73,16,114,1,0,13,3,31,0,0,82,0,20,19,65,16,0,22,73,2,0,0,3,10,0,31,32,2,38,168,5,0,42,155,1,19,11,6,0,30,1030,0,20,26,40,0,4,5,66,103,1,6,110,184,0,39,0,2,15,81,1,109,0,6,0,1,0,152,7,0,46,0,0,16,0,0,48,0,1,91,129,2,0,130,0,11,2,35,0,6,1,5,0,128,69,51,8,17,0,125,31,5,0,9,26,0,0,181,4,2,0,0,42,24,0,0,28,5,0,3,1,2,31,12,16,2,110
kindred,0,6,0,86,0,7,0,27,5,67,51,1,0,102,35,0,6,0,38,0,1,1,0,63,3,0,70,0,13,11,1,18,0,17,7,1,1,0,0,10,0,12,1,5,0,24,3,0,57,43,0,8,0,0,0,3,0,414,0,5,33,0,0,35,79,30,11,10,4,66,0,1,0,0,16,13,0,43,0,1,0,0,1,14,0,1,60,0,2,1,4,0,1,0,2,6,39,0,0,25,0,0,1,66,0,0,10,12,0,3,11,3,0,6,0,31,8,66,0,15,7,0,0,11,2,1,2,0,51,14,0,0,1,0,0,0,0,1,5,2,16,0,4
kled,0,8,0,6,0,0,0,29,2,1,7,11,1,37,28,0,21,3,25,0,0,0,1,7,51,2,8,0,1,4,19,0,0,0,41,6,0,0,0,0,4,4,5,0,2,22,2,0,29,25,1,5,1,2,0,3,20,0,251,15,14,47,0,0,9,24,0,0,10,7,1,1,0,1,2,11,0,1,0,4,1,1,7,39,0,0,0,0,0,20,0,20,0,9,0,1,5,11,0,0,0,0,0,1,0,0,1,0,0,30,21,27,2,3,0,47,14,0,0,0,7,0,0,54,0,0,0,0,8,12,1,1,34,0,0,0,0,11,3,0,3,0,19
kogmaw,0,19,0,64,0,5,4,5,3,30,3,2,1,108,2,10,29,30,34,1,7,3,0,20,62,12,14,1,9,10,34,14,0,68,131,19,8,0,0,4,5,84,82,11,20,1,5,0,6,27,2,3,2,3,2,8,26,5,15,583,17,53,2,12,26,120,2,6,14,85,0,0,1,0,36,32,0,35,0,24,1,17,4,47,9,2,13,0,6,7,3,76,28,9,0,37,28,46,0,66,3,0,10,10,1,2,2,0,0,27,39,27,6,13,0,78,2,38,0,7,0,2,4,5,1,1,2,2,37,11,0,2,0,7,1,8,0,20,5,2,14,5,1
leblanc,0,0,2,118,1,0,24,79,0,0,45,11,1,105,63,21,1,10,47,2,0,8,2,30,111,9,80,1,31,7,8,22,0,76,127,103,36,0,3,26,10,46,54,6,13,56,21,0,81,62,0,6,0,0,2,25,40,33,14,17,847,113,14,22,106,57,0,7,12,96,0,5,0,0,29,43,0,60,0,37,1,7,13,0,0,2,57,0,9,17,5,155,28,34,7,52,5,20,0,84,3,1,6,115,0,0,5,2,0,0,41,0,0,8,0,126,37,77,0,0,15,1,9,46,7,0,0,11,0,0,0,3,29,0,0,2,1,18,0,1,3,0,28
leesin,0,98,2,93,0,7,35,208,21,45,34,22,1,154,126,49,85,7,165,6,3,15,4,58,1,0,114,0,53,44,39,21,0,65,86,31,16,1,4,23,0,79,55,15,67,139,24,0,106,163,4,42,7,11,0,63,0,0,47,53,113,1459,16,63,115,179,4,10,75,163,0,33,0,1,49,75,1,127,0,2,0,3,5,170,2,3,75,0,7,33,4,1,66,1,9,166,68,4,0,107,3,4,12,95,0,3,7,7,0,128,77,88,10,8,0,219,68,44,0,24,28,0,1,195,16,2,6,0,103,46,0,1,48,28,0,22,0,1,25,13,13,0,130
leona,0,21,1,0,0,0,0,7,0,15,0,0,0,0,4,2,5,6,39,1,5,3,1,5,21,3,10,0,2,7,1,0,0,18,18,29,9,0,0,13,1,0,31,0,2,10,5,0,13,1,2,9,0,0,0,5,4,0,0,2,14,16,165,17,12,18,0,0,0,29,0,1,0,1,5,0,0,3,0,10,0,3,2,7,0,0,6,0,0,0,0,33,1,11,0,11,8,2,0,12,0,0,2,34,0,0,0,0,0,3,0,1,1,0,0,0,4,7,0,6,0,0,4,5,3,0,0,6,7,4,0,0,1,9,0,2,0,0,6,0,2,0,0
lissandra,0,17,0,98,0,3,21,23,0,6,32,3,0,76,20,0,6,0,68,1,1,9,0,22,81,0,69,0,20,7,1,26,0,45,52,111,25,0,0,13,1,50,41,6,6,28,7,0,82,32,1,10,1,2,0,12,5,35,0,12,22,63,17,584,130,26,1,10,1,37,0,7,1,0,41,18,1,31,0,42,3,1,9,5,0,6,61,0,5,0,4,113,2,12,1,20,3,11,0,19,0,1,6,99,0,2,3,6,0,1,23,1,1,6,0,71,16,78,0,2,4,1,2,12,5,4,0,16,15,6,0,0,0,13,0,1,0,1,20,1,3,0,6
lucian,0,91,1,239,0,11,16,17,2,129,113,17,5,357,19,13,66,21,87,2,6,27,1,87,324,15,12,0,92,42,17,91,0,115,286,161,59,0,1,67,15,132,62,19,27,15,0,0,12,162,3,60,4,9,0,30,66,79,9,26,106,115,12,130,1768,197,29,35,42,191,1,0,0,2,68,73,0,145,0,146,3,23,21,72,0,7,170,0,23,14,19,323,26,38,5,112,99,54,1,121,3,0,4,3,0,10,30,35,0,55,65,38,5,19,1,206,22,211,0,48,7,6,2,50,1,5,7,6,169,79,0,1,23,9,0,7,0,39,59,8,42,0,35
lulu,0,76,1,123,1,4,22,125,2,11,22,2,1,108,131,50,61,25,112,5,10,12,8,50,167,8,146,0,51,25,42,21,0,70,217,147,22,0,0,10,29,70,97,9,54,58,48,0,79,13,4,25,3,2,3,39,103,30,24,120,57,179,18,26,197,1369,2,11,3,107,0,6,0,1,41,23,1,159,0,59,4,24,41,113,0,3,59,0,10,0,8,167,68,112,3,82,53,50,1,97,6,0,9,96,1,0,0,4,0,102,14,60,17,2,0,97,94,68,0,7,31,8,11,123,25,2,2,4,42,43,1,4,18,7,0,9,2,21,44,8,9,0,2
lux,0,0,0,15,0,0,0,2,0,0,12,0,0,15,8,1,1,3,12,0,0,2,1,1,17,0,11,0,14,0,0,5,0,8,19,11,1,0,0,0,0,2,2,1,0,3,2,0,19,1,0,0,0,0,1,0,1,11,0,2,0,4,0,1,29,2,100,8,1,3,0,2,0,0,9,1,0,10,0,11,0,0,1,2,0,0,15,0,6,0,0,17,0,0,0,3,2,3,0,5,0,0,0,4,0,0,5,0,0,0,10,0,0,0,0,15,4,18,0,0,0,0,0,2,1,0,0,0,0,0,0,1,0,0,0,1,0,0,0,0,0,0,0
malphite,0,16,0,29,0,2,0,4,0,1,10,0,0,34,7,0,1,0,27,0,1,1,0,0,36,2,19,0,0,3,0,8,0,0,25,11,1,0,0,0,0,12,3,0,0,2,6,0,27,2,0,3,1,0,0,6,6,10,0,6,7,10,0,10,35,11,8,153,0,2,0,4,0,0,13,5,0,2,0,7,3,1,0,20,0,3,3,0,4,1,0,21,0,2,0,3,2,1,0,2,0,0,1,8,0,2,2,0,0,3,2,0,0,0,0,17,8,8,0,2,2,1,0,2,8,1,0,2,21,3,0,0,1,1,0,6,0,1,8,0,0,0,0
malzahar,1,25,1,30,0,1,0,109,0,4,12,1,1,52,58,27,31,10,55,1,0,0,2,31,73,5,50,0,25,5,2,46,0,50,67,73,8,0,4,10,30,10,22,6,33,132,3,0,17,20,0,7,8,0,0,17,110,4,10,14,12,75,0,1,42,3,1,0,638,85,0,9,0,0,4,7,1,58,0,14,2,1,25,52,8,0,45,0,0,8,0,66,36,43,2,31,47,16,0,71,6,4,4,50,1,2,7,7,0,53,41,15,7,17,0,10,14,31,0,5,4,0,0,121,2,0,1,0,18,9,0,2,9,0,1,1,2,9,7,7,3,0,4
maokai,0,95,0,198,0,12,69,143,11,136,54,22,2,211,109,11,120,32,257,0,13,0,10,46,132,39,148,2,2,19,16,11,0,22,153,188,14,1,0,6,20,147,135,7,54,182,36,0,168,196,14,45,10,3,7,15,184,66,7,85,96,163,29,37,191,107,3,2,85,1860,1,53,0,4,62,80,1,65,0,113,5,26,26,160,0,9,9,0,1,39,4,265,11,80,2,8,112,69,2,18,4,0,1,272,1,6,15,9,0,119,38,67,9,31,0,243,106,46,0,48,28,0,24,192,35,6,3,23,149,46,1,7,53,17,1,15,0,10,56,16,19,1,100
masteryi,0,1,0,2,0,0,1,0,0,0,0,0,0,1,0,0,0,0,3,0,0,0,0,0,0,2,0,0,0,0,0,0,0,0,1,0,0,0,0,0,0,1,0,0,0,0,0,0,2,0,0,0,0,1,0,0,0,0,1,0,0,0,0,0,1,0,0,0,0,1,6,0,0,0,1,0,0,0,0,0,0,0,0,1,0,0,1,0,0,0,0,1,0,0,0,1,0,0,0,0,0,0,0,1,0,0,0,0,0,0,0,0,0,0,0,0,0,0,0,0,0,0,0,0,0,0,0,0,0,0,0,0,0,0,0,0,0,0,0,0,0,0,0
missfortune,0,9,0,13,0,4,0,55,3,7,3,0,2,4,6,13,5,0,27,2,0,5,0,13,31,1,3,0,9,2,2,13,0,7,12,19,0,0,1,1,19,3,1,1,23,43,0,0,0,9,2,1,3,1,0,4,39,1,1,0,5,33,1,7,0,6,2,4,9,53,0,236,0,0,11,3,0,18,0,11,1,0,10,35,0,0,25,0,2,1,0,43,2,12,0,10,22,4,0,25,0,2,5,1,0,0,1,2,0,23,9,9,2,3,0,6,0,15,0,1,0,0,0,41,0,0,2,0,24,4,0,1,0,1,0,0,0,0,3,2,0,0,9
monkeyking,0,0,0,1,0,0,0,0,0,0,0,0,0,0,0,0,0,0,1,0,0,0,0,0,0,0,1,0,0,0,0,0,0,1,0,0,0,0,0,0,0,1,0,0,0,0,0,0,1,0,0,0,0,0,0,0,0,0,0,1,0,0,0,1,0,0,0,0,0,0,0,0,4,0,0,1,0,0,0,0,0,1,0,0,0,0,0,0,0,0,0,0,0,0,0,0,0,1,0,0,1,0,0,0,0,0,0,0,0,0,0,0,0,0,0,0,0,1,0,0,0,0,0,1,0,0,0,0,0,0,0,0,0,0,0,1,0,0,0,1,0,0,0
mordekaiser,0,0,0,3,0,0,0,0,0,1,0,2,0,0,0,0,0,1,0,2,0,0,0,1,2,0,0,0,0,0,2,0,0,0,2,2,0,0,0,0,0,1,0,0,0,2,0,0,2,3,0,0,0,0,0,0,2,0,1,0,0,1,1,0,2,1,0,0,0,4,0,0,0,17,0,0,0,4,0,0,0,0,0,3,0,0,0,0,0,1,0,1,1,3,1,1,0,0,0,0,0,0,0,1,0,0,0,0,0,1,0,0,0,1,0,3,1,2,0,1,0,0,0,2,0,0,0,0,0,1,0,0,1,0,0,0,0,0,1,0,0,0,0
morgana,0,34,1,13,0,4,4,22,1,38,2,1,0,3,43,7,25,20,97,5,6,10,9,25,65,12,41,0,27,11,10,16,0,52,111,49,29,0,1,14,0,11,65,9,16,25,37,0,93,9,1,22,0,3,0,13,15,16,2,36,29,49,5,41,68,41,9,13,4,62,1,11,0,0,595,4,0,29,0,47,0,11,3,31,0,4,40,0,2,0,1,108,15,15,2,31,36,23,0,32,4,0,14,62,0,0,0,2,0,24,6,19,0,0,0,14,47,40,0,4,4,5,5,35,12,4,2,15,36,10,0,0,8,9,0,4,0,9,30,2,6,0,0
nami,0,34,0,1,1,7,0,83,6,39,0,0,0,0,53,12,41,1,47,0,1,11,2,34,100,2,104,0,10,14,6,8,0,36,64,66,11,0,1,45,11,0,34,5,31,69,5,0,9,16,1,18,7,2,0,10,81,13,11,32,43,75,0,18,73,23,1,5,7,80,0,3,1,0,4,636,0,50,0,26,4,3,21,70,0,2,24,0,0,0,3,97,21,54,0,62,49,4,0,65,2,0,3,66,0,0,0,15,0,52,1,9,12,0,1,0,22,38,1,10,10,0,2,66,6,0,0,0,52,30,0,0,2,9,0,8,0,3,26,2,13,0,0
nasus,0,0,0,1,0,0,0,0,0,1,0,0,0,2,0,0,0,0,0,0,0,0,0,2,0,0,0,0,0,0,2,0,0,1,3,0,0,0,0,0,0,2,2,0,0,0,0,0,3,0,1,0,0,0,0,0,1,0,0,0,0,1,0,1,0,1,0,0,1,1,0,0,0,0,0,0,10,0,0,0,0,0,0,0,0,0,0,0,0,1,0,0,0,1,0,0,1,0,0,0,0,0,0,2,0,0,0,0,0,0,1,1,0,1,0,0,2,0,0,0,0,0,0,1,1,0,0,0,0,0,0,0,1,0,0,0,0,0,0,0,1,0,0
nautilus,0,64,0,86,0,3,5,145,3,71,28,5,6,76,49,4,67,6,145,0,5,2,2,51,125,19,146,0,12,26,2,15,0,27,148,176,39,0,1,10,26,19,14,1,33,113,22,0,80,116,8,16,8,3,0,13,109,43,1,35,60,127,3,31,145,159,10,2,58,65,0,18,0,4,29,50,0,1159,0,64,2,12,12,97,0,1,27,0,13,0,3,131,4,89,2,63,66,25,1,18,8,0,9,150,0,2,6,2,0,98,28,37,14,6,0,65,22,43,0,19,10,1,22,150,16,1,2,3,87,51,0,1,5,7,0,10,0,6,34,8,18,0,75
neeko,0,0,0,0,0,0,0,0,0,0,0,0,0,0,0,0,0,0,0,0,0,0,0,0,0,0,0,0,0,0,0,0,0,0,0,0,0,0,0,0,0,0,0,0,0,0,0,0,0,0,0,0,0,0,0,0,0,0,0,0,0,0,0,0,0,0,0,0,0,0,0,0,0,0,0,0,0,0,0,0,0,0,0,0,0,0,0,0,0,0,0,0,0,0,0,0,0,0,0,0,0,0,0,0,0,0,0,0,0,0,0,0,0,0,0,0,0,0,0,0,0,0,0,0,0,0,0,0,0,0,0,0,0,0,0,0,0,0,0,0,0,0,0
nidalee,0,24,1,139,0,14,17,63,3,66,49,4,4,165,60,7,32,3,95,2,4,4,4,39,2,0,99,0,28,17,9,42,0,82,12,26,14,0,6,38,0,43,7,6,22,53,17,0,81,53,1,14,0,1,0,14,6,1,4,24,37,2,10,42,146,59,11,7,14,113,0,11,0,0,47,26,0,64,0,775,0,0,4,25,2,0,81,0,12,3,8,5,21,2,1,16,30,1,0,51,0,1,8,94,0,1,14,10,0,14,35,16,9,17,1,72,21,99,0,35,8,0,6,69,11,1,3,3,73,23,0,0,5,1,0,4,0,0,32,4,21,2,15
nocturne,0,2,0,3,0,0,4,7,0,1,1,0,0,3,1,1,0,0,1,0,0,0,0,0,0,0,2,0,1,0,1,1,0,1,4,0,0,1,0,2,0,2,1,0,1,0,2,0,1,2,0,2,1,0,0,2,0,0,1,1,1,0,0,3,3,4,0,3,2,5,0,1,0,0,0,4,0,2,0,0,32,0,0,3,0,0,1,0,0,1,0,0,0,0,0,2,4,0,0,5,0,0,0,6,0,0,1,0,0,5,0,0,0,0,0,2,1,0,0,0,2,0,0,4,0,0,0,0,3,1,0,0,0,1,0,0,0,0,1,0,0,0,4
nunu,0,11,0,25,0,0,11,0,0,23,8,4,1,5,11,0,13,3,18,0,1,1,1,2,0,0,6,0,4,9,2,2,0,17,1,5,18,1,0,2,0,26,3,1,4,1,9,0,18,4,3,6,1,0,0,3,1,0,1,17,7,3,3,1,23,24,0,1,1,26,0,0,1,0,11,3,0,12,0,0,0,150,1,11,0,0,1,0,0,1,0,0,1,0,0,19,3,2,0,4,5,0,4,26,0,0,0,0,0,9,1,3,0,1,0,31,8,4,0,0,3,0,8,6,5,0,0,0,5,6,0,1,3,2,0,1,2,0,2,1,0,0,1
olaf,0,10,0,27,0,3,9,45,4,23,22,5,0,33,39,11,32,1,20,1,3,1,4,17,18,1,49,0,14,4,21,6,0,20,20,13,3,0,0,11,0,20,11,8,16,42,9,0,22,87,0,6,4,1,0,21,0,1,7,4,13,5,2,9,21,41,1,0,25,26,0,10,0,0,3,21,0,12,0,4,0,1,393,51,0,0,17,0,0,7,0,19,13,4,1,40,26,3,0,37,0,1,1,67,0,0,2,2,0,32,20,16,1,5,0,48,13,26,0,2,7,0,0,43,5,1,1,0,38,14,0,0,9,1,0,1,0,2,8,3,13,1,28
orianna,3,0,1,98,1,0,15,170,0,1,26,30,10,134,121,63,1,40,31,3,0,7,8,11,130,9,87,1,38,15,38,14,0,102,211,119,7,0,0,14,23,74,176,18,29,112,14,0,106,128,0,1,1,6,3,56,152,14,39,47,0,170,7,5,72,113,2,20,52,160,1,35,0,3,31,70,0,97,0,25,3,11,51,1314,3,5,47,0,2,60,1,125,95,99,3,96,11,58,0,123,8,1,10,61,1,9,6,2,0,0,81,0,0,22,0,191,107,44,0,0,34,2,3,195,19,0,1,2,0,5,0,5,95,0,1,4,0,43,0,1,6,0,83
ornn,0,0,0,3,0,0,0,0,0,25,0,0,0,18,5,2,3,1,3,0,0,1,0,0,0,3,9,1,0,0,2,3,0,2,1,0,0,0,0,0,0,4,22,1,2,0,0,0,5,1,0,0,0,0,0,0,7,0,0,9,0,2,0,0,0,0,0,0,8,0,0,0,0,0,0,0,0,0,0,2,0,0,0,3,67,0,0,0,0,3,0,0,0,4,0,0,15,15,0,0,3,0,1,2,1,0,0,0,0,0,15,0,0,9,0,2,15,0,0,0,0,0,0,12,5,1,0,0,0,2,0,0,5,1,0,0,0,5,0,0,1,3,0
pantheon,0,6,0,1,0,1,0,2,0,2,2,0,0,3,1,0,0,0,8,0,0,0,0,1,5,0,6,0,0,1,0,1,0,4,5,2,0,0,0,3,0,3,0,2,1,2,2,0,3,4,0,3,0,0,0,0,0,1,0,2,2,3,0,6,7,3,0,3,0,9,0,0,0,0,4,2,0,1,0,0,0,0,0,5,0,41,0,0,0,0,0,0,0,0,0,2,3,1,0,0,0,0,0,2,0,2,1,0,0,4,2,0,0,0,0,15,2,0,0,1,0,0,0,1,1,0,0,0,0,1,0,0,1,0,0,0,0,0,3,0,0,0,0
poppy,0,32,0,107,0,11,1,68,5,72,46,1,2,124,62,0,38,3,114,0,2,0,1,15,175,4,117,0,7,3,1,19,0,1,92,107,1,0,0,0,19,29,4,4,14,88,2,0,90,81,0,11,6,1,0,1,46,60,0,13,57,75,6,61,170,59,15,3,45,9,1,25,0,0,40,24,0,27,0,81,1,1,17,47,0,0,841,0,13,6,1,80,0,26,0,8,67,5,0,7,1,0,1,78,1,1,13,0,0,55,36,18,0,4,0,97,23,63,0,13,5,1,0,72,6,1,8,1,75,15,0,0,8,1,0,0,0,8,16,6,23,0,37
pyke,0,0,0,0,0,0,0,0,0,0,0,0,0,0,0,0,0,0,0,0,0,0,0,0,0,0,0,0,0,0,0,0,0,0,0,0,0,0,0,0,0,0,0,0,0,0,0,0,0,0,0,0,0,0,0,0,0,0,0,0,0,0,0,0,0,0,0,0,0,0,0,0,0,0,0,0,0,0,0,0,0,0,0,0,0,0,0,0,0,0,0,0,0,0,0,0,0,0,0,0,0,0,0,0,0,0,0,0,0,0,0,0,0,0,0,0,0,0,0,0,0,0,0,0,0,0,0,0,0,0,0,0,0,0,0,0,0,0,0,0,0,0,0
quinn,0,4,0,22,0,0,0,1,0,0,9,0,0,11,5,0,0,0,18,0,0,0,1,0,23,1,7,0,0,0,0,1,0,1,14,5,0,0,0,0,0,11,0,0,1,3,0,0,20,0,0,1,0,0,0,0,0,2,0,6,9,7,0,5,23,10,6,4,0,1,0,2,0,0,2,0,0,13,0,12,0,0,0,2,0,0,13,0,87,0,1,12,0,0,0,4,1,1,0,2,0,0,0,3,0,0,1,0,0,1,5,0,1,0,0,12,2,9,0,8,0,1,0,1,0,0,0,0,2,0,0,0,0,0,0,0,0,2,0,0,3,0,0
rakan,2,2,1,0,1,3,0,19,2,3,0,0,0,0,10,23,36,36,46,0,0,0,0,8,33,0,0,0,5,1,49,1,0,41,109,7,3,1,0,1,6,0,77,15,10,9,0,0,63,4,0,9,0,0,3,12,16,1,20,7,17,33,0,0,14,0,0,1,8,39,0,1,0,1,0,0,1,0,0,3,1,1,7,60,3,0,6,0,0,383,1,48,35,3,0,33,7,28,0,40,0,0,0,6,0,0,0,1,0,50,0,41,1,0,0,0,34,9,0,0,10,0,0,28,1,1,4,0,11,17,0,7,193,0,1,0,0,25,2,3,0,1,0
rammus,0,5,0,12,0,2,0,2,0,6,6,0,0,18,3,0,2,0,18,0,1,0,0,1,8,0,2,0,2,0,0,2,0,0,20,0,0,0,0,2,0,1,1,0,0,7,1,0,11,0,0,0,0,0,0,0,0,4,0,3,5,4,0,4,19,8,0,0,0,4,0,0,0,0,1,3,0,3,0,8,0,0,0,1,0,0,1,0,1,1,63,3,0,0,1,1,1,0,0,1,0,0,0,8,0,0,0,0,0,1,0,0,0,0,0,11,3,6,0,1,0,0,0,3,0,0,0,0,3,0,0,0,1,0,0,0,0,1,0,1,3,0,0
reksai,0,85,4,264,0,29,71,224,7,170,150,29,5,336,142,33,162,38,299,11,22,18,9,122,0,2,196,0,83,71,37,82,0,237,53,46,74,0,9,111,0,132,43,48,51,227,44,0,231,231,8,80,8,2,0,59,0,0,20,76,155,1,33,113,323,167,17,21,66,265,1,43,0,1,108,97,0,131,0,5,0,0,19,125,0,0,80,0,12,48,3,2330,53,1,13,206,144,0,0,187,8,1,15,296,0,7,31,51,0,90,110,102,3,36,1,327,98,181,1,62,34,0,25,152,46,9,4,1,287,128,0,0,54,20,0,15,1,3,44,12,37,0,99
renekton,0,38,0,32,0,2,8,88,2,8,15,14,4,99,77,1,45,3,66,0,0,0,3,22,144,3,31,1,0,5,39,0,0,0,113,33,0,0,0,0,12,14,26,1,8,58,8,0,51,67,0,25,2,0,0,1,48,1,0,28,28,66,1,2,26,68,0,0,36,11,0,2,0,1,15,21,0,4,0,21,0,1,13,95,0,0,0,0,0,35,0,53,634,43,0,1,20,21,0,2,0,0,1,38,0,2,1,1,0,69,49,60,7,4,0,103,36,8,0,3,24,0,0,103,0,0,1,1,28,17,0,4,52,2,0,0,0,23,5,8,6,0,48
rengar,0,43,1,15,0,0,13,107,6,12,7,6,4,28,48,23,36,4,49,4,1,3,4,19,0,0,82,0,11,15,8,13,0,21,34,12,2,0,0,7,0,30,6,1,29,103,3,0,23,119,2,17,3,1,0,14,0,0,9,9,34,1,11,12,38,112,0,2,43,80,0,12,0,3,15,54,1,89,0,2,0,0,4,99,4,0,26,0,0,3,0,1,43,616,0,83,46,1,0,76,0,3,6,54,0,3,5,2,0,71,43,34,11,3,0,39,9,7,0,5,12,0,0,70,5,2,0,0,25,32,0,1,7,7,0,1,0,0,12,10,15,0,68
riven,0,1,0,16,0,0,1,6,0,4,1,0,0,6,1,0,2,1,7,0,0,0,0,2,9,1,2,0,0,1,1,0,0,0,8,2,0,0,0,0,1,3,0,0,0,4,5,0,4,5,0,2,0,0,0,6,1,2,0,0,7,9,0,1,5,3,0,0,2,2,0,0,0,1,2,0,0,2,0,1,0,0,1,3,0,0,0,0,0,0,1,13,0,0,54,0,0,0,0,1,0,0,0,10,2,0,1,0,0,0,1,3,0,1,0,7,2,2,0,3,1,0,0,2,3,0,0,1,10,0,0,0,2,0,0,0,0,1,3,1,0,0,1
rumble,0,46,0,136,1,3,42,121,3,42,20,13,1,113,88,8,56,5,159,0,6,0,4,22,59,24,88,0,2,7,43,4,0,1,106,101,13,0,0,5,14,87,88,0,105,123,23,0,84,109,0,24,4,1,1,8,91,6,1,37,52,166,11,20,112,82,3,3,31,8,1,10,0,1,31,62,0,63,0,16,2,19,40,96,0,2,8,0,4,33,1,206,1,83,0,1143,34,52,0,7,1,0,0,127,2,8,9,2,0,63,66,50,28,7,0,156,58,23,0,10,23,0,16,148,26,3,0,9,64,36,0,4,40,10,1,13,0,18,60,4,12,0,67
ryze,0,11,0,67,0,0,5,101,0,12,32,6,2,117,74,25,5,12,40,3,2,7,3,33,89,13,121,0,26,11,4,19,0,49,80,92,17,0,6,22,25,37,37,8,27,95,10,0,43,128,1,2,0,0,1,20,129,39,5,28,5,68,8,3,99,53,2,2,47,112,0,22,0,0,36,49,1,66,0,30,4,3,26,11,15,3,67,0,1,7,1,144,20,46,0,34,883,23,0,71,8,4,2,99,1,3,13,6,0,5,58,0,3,25,0,73,48,68,0,7,17,0,3,98,10,3,1,1,21,6,0,5,7,1,1,7,0,15,17,7,10,0,59
sejuani,0,9,0,85,0,2,9,14,2,32,10,7,2,117,31,28,48,49,78,0,5,4,3,4,4,0,18,1,9,7,25,18,0,81,7,18,26,0,1,10,1,58,45,13,27,12,21,0,69,18,6,15,0,0,0,22,2,0,11,46,20,4,2,11,54,50,3,1,16,69,0,4,1,0,23,4,0,25,0,1,0,2,3,58,15,1,5,0,1,28,0,0,21,1,0,52,23,580,0,41,3,0,6,64,0,2,1,0,0,32,23,41,2,27,0,85,74,18,0,5,16,0,25,69,11,1,4,0,16,22,0,0,53,9,1,1,0,0,15,9,6,5,5
shaco,0,0,0,1,0,1,0,1,0,0,0,0,0,0,1,1,0,0,1,0,0,0,0,0,0,0,0,0,0,0,0,0,0,0,3,0,0,0,0,0,0,0,0,0,0,0,0,0,0,3,0,0,0,0,0,0,0,0,0,0,0,0,0,0,1,1,0,0,0,2,0,0,0,0,0,0,0,1,0,0,0,0,0,0,0,0,0,0,0,0,0,0,0,0,0,0,0,0,7,0,0,0,0,2,0,0,0,1,0,1,0,0,1,0,0,1,0,0,0,1,1,0,0,1,1,0,0,0,0,0,0,0,0,0,0,1,0,0,0,0,0,0,0
shen,0,62,1,88,0,16,10,180,10,70,65,15,6,163,112,15,94,7,132,2,11,4,8,34,155,21,104,0,8,13,14,4,0,14,179,113,50,1,0,1,32,51,49,0,28,138,11,0,87,185,1,34,8,3,2,19,130,25,0,66,84,107,12,19,121,97,5,2,71,18,0,25,0,0,32,65,0,18,0,51,5,4,37,123,0,0,7,0,2,40,1,187,2,76,1,7,71,41,0,1340,1,0,1,150,0,5,7,3,0,104,59,68,6,39,0,136,94,43,0,16,31,1,5,169,16,3,4,4,107,67,0,8,47,3,0,2,0,31,18,12,14,3,101
shyvana,0,2,0,10,0,0,1,2,0,8,1,0,0,5,2,1,2,1,5,0,0,0,1,0,0,2,5,1,0,0,0,4,1,6,14,0,0,0,0,0,0,6,1,0,1,0,7,0,10,2,0,4,0,0,0,2,0,0,0,3,3,3,0,0,3,6,0,0,6,4,0,0,1,0,4,2,0,8,0,0,0,5,0,8,3,0,1,0,0,0,0,8,0,0,0,1,8,3,0,1,63,0,0,8,0,0,0,0,0,0,6,0,0,3,0,13,6,1,0,0,0,0,4,9,4,0,0,0,4,4,0,0,0,0,0,0,0,0,1,1,0,0,0
singed,0,0,0,0,0,1,0,7,0,0,2,0,0,2,0,0,2,0,7,0,0,0,0,1,3,0,5,0,0,2,0,0,0,0,0,2,0,0,0,0,1,2,4,0,2,8,0,0,1,6,0,0,1,0,0,0,11,0,0,0,1,4,0,1,0,0,0,0,4,0,0,2,0,0,0,0,0,0,0,1,0,0,1,1,0,0,0,0,0,0,0,1,0,3,0,0,4,0,0,0,0,31,0,0,0,0,0,0,0,2,3,3,0,1,0,6,2,0,0,0,2,0,0,5,0,0,0,0,2,0,0,0,0,0,0,0,0,0,1,1,0,0,3
sion,0,15,1,5,0,0,12,7,1,10,2,2,0,4,5,0,5,1,18,0,4,0,2,2,8,0,10,0,0,0,0,1,0,1,17,16,2,0,0,0,0,24,18,0,0,8,14,0,11,0,0,6,2,0,0,2,2,1,0,10,6,12,2,6,4,9,0,1,4,1,0,5,0,0,14,3,0,9,0,8,0,4,1,10,1,0,1,0,0,0,0,15,1,6,0,0,2,6,0,1,0,0,119,16,0,0,0,0,0,3,2,3,0,0,1,15,6,3,0,1,1,4,3,4,4,0,1,2,3,3,0,0,1,5,0,2,0,3,2,1,2,1,3
sivir,0,70,0,239,0,21,82,0,8,153,104,4,4,235,0,18,103,33,39,4,25,5,0,124,205,43,23,0,29,57,6,59,0,205,340,109,118,1,3,107,7,113,114,24,22,0,0,0,0,210,4,74,0,2,0,31,35,66,1,10,115,95,34,99,3,96,4,8,50,272,1,1,0,1,62,66,2,150,0,94,6,26,67,61,2,2,78,0,3,6,8,296,38,54,10,127,99,64,2,150,8,0,16,1682,1,6,28,20,0,41,59,35,3,49,0,169,0,172,0,63,0,2,5,46,0,5,2,15,190,116,0,3,0,32,0,12,1,9,29,9,25,1,15
skarner,0,0,0,2,0,0,0,2,0,4,0,0,0,3,3,0,3,0,0,1,0,1,0,0,0,0,1,0,0,0,0,3,0,0,0,0,0,0,0,0,0,0,0,0,2,4,1,0,0,4,0,0,0,0,0,5,0,0,0,1,0,0,0,0,0,1,0,0,1,1,0,0,0,0,0,0,0,0,0,0,0,0,0,1,1,0,1,0,0,0,0,0,0,0,2,2,1,0,0,0,0,0,0,1,17,0,0,0,0,1,3,2,0,0,0,3,0,0,0,0,0,0,0,4,0,0,0,0,2,1,0,0,0,0,0,0,0,0,0,0,0,0,0
sona,1,6,0,0,0,0,0,6,0,0,0,0,0,0,3,1,2,1,9,0,0,3,0,4,6,1,4,0,0,3,1,0,0,4,5,5,3,0,0,4,0,0,7,0,0,2,0,0,2,0,0,1,0,0,0,0,6,0,0,2,0,3,0,2,10,0,0,2,2,6,0,0,0,0,0,0,0,2,0,1,0,0,0,9,0,2,1,0,0,0,0,7,2,3,0,8,3,2,0,5,0,0,0,6,0,50,0,0,0,2,1,5,0,0,0,0,3,3,0,1,1,0,0,5,0,0,0,0,3,5,0,0,0,0,0,0,0,0,3,0,0,0,0
soraka,0,5,0,0,0,4,0,15,2,18,0,0,0,0,9,2,5,4,9,1,0,0,0,17,25,1,26,0,4,7,0,4,0,14,20,14,2,0,1,14,2,0,8,4,2,12,0,0,7,2,0,0,0,0,0,1,1,10,1,2,5,7,0,3,30,0,5,2,7,15,0,1,0,0,0,0,0,6,0,14,1,0,2,6,0,1,13,0,1,0,0,31,1,5,1,9,13,1,0,7,0,0,0,28,0,0,146,3,0,7,3,6,0,0,0,0,5,16,0,5,5,1,0,8,0,0,2,1,12,15,0,0,1,1,0,0,0,1,1,0,1,0,0
swain,0,1,0,10,0,1,0,18,1,15,15,2,1,41,17,2,2,0,2,0,0,0,1,11,13,0,22,0,3,9,0,4,0,4,12,25,7,0,2,9,1,2,2,4,0,26,1,0,2,32,0,2,0,0,0,0,5,12,0,0,2,7,0,6,35,4,0,0,7,9,0,2,0,0,2,15,0,2,0,10,0,0,2,2,0,0,0,0,0,1,0,51,1,2,0,2,6,0,1,3,0,0,0,20,0,0,3,151,0,2,4,2,1,2,0,4,4,7,0,3,1,0,0,6,2,0,0,0,14,9,0,0,1,0,0,0,0,0,1,1,3,0,3
sylas,0,0,0,0,0,0,0,0,0,0,0,0,0,0,0,0,0,0,0,0,0,0,0,0,0,0,0,0,0,0,0,0,0,0,0,0,0,0,0,0,0,0,0,0,0,0,0,0,0,0,0,0,0,0,0,0,0,0,0,0,0,0,0,0,0,0,0,0,0,0,0,0,0,0,0,0,0,0,0,0,0,0,0,0,0,0,0,0,0,0,0,0,0,0,0,0,0,0,0,0,0,0,0,0,0,0,0,0,0,0,0,0,0,0,0,0,0,0,0,0,0,0,0,0,0,0,0,0,0,0,0,0,0,0,0,0,0,0,0,0,0,0,0
syndra,1,0,0,51,0,0,3,148,0,0,26,25,2,110,96,49,1,28,13,2,0,8,2,10,134,4,74,2,25,12,24,16,0,81,163,101,5,0,2,13,28,29,95,11,25,115,8,0,59,128,0,2,0,2,6,30,128,3,30,27,0,128,3,1,55,102,0,3,53,119,0,23,0,1,24,52,0,98,0,14,5,9,32,0,0,4,55,0,1,50,1,90,69,71,0,63,5,32,1,104,0,2,3,41,1,2,7,2,0,993,56,0,0,12,0,130,70,20,0,0,24,1,2,175,1,0,3,0,0,3,0,8,68,0,0,0,3,29,0,6,4,0,74
tahmkench,0,21,0,25,0,6,0,121,5,37,6,2,0,12,71,29,55,15,68,3,0,2,0,30,130,5,68,0,32,7,25,50,0,80,147,75,11,0,2,7,16,6,69,11,36,145,12,0,40,33,4,22,4,1,2,22,69,11,21,39,41,77,0,23,65,14,10,2,41,38,0,9,0,0,6,1,1,28,0,35,0,1,20,81,15,2,36,0,5,0,0,110,49,43,1,66,58,23,0,59,6,3,2,59,3,1,3,4,0,56,820,39,4,1,1,14,44,32,0,5,22,0,0,118,3,4,5,1,54,42,0,2,17,1,2,4,0,23,12,8,7,5,3
taliyah,0,0,1,51,0,0,0,105,0,2,25,21,3,100,80,41,0,34,1,3,0,0,5,18,107,1,30,0,23,7,24,16,0,55,140,47,9,0,4,5,13,23,99,14,34,89,2,0,64,73,0,1,0,0,4,34,51,3,27,27,0,88,1,1,38,60,0,0,15,67,0,9,0,0,19,9,1,37,0,16,0,3,16,0,0,0,18,0,0,41,0,102,60,34,3,50,0,41,0,68,0,3,3,35,2,5,6,2,0,0,39,739,0,30,1,105,66,52,0,0,15,0,0,103,4,0,0,0,0,3,1,3,69,0,0,1,1,27,0,4,1,0,62
talon,0,0,0,1,0,0,1,15,0,0,2,1,0,10,10,3,0,3,5,0,0,2,0,4,31,1,15,1,2,1,0,0,0,0,27,5,0,0,0,0,5,4,4,0,2,8,2,0,1,20,0,0,0,0,0,5,8,0,2,6,0,10,1,1,5,17,0,0,7,9,0,2,0,0,0,12,0,14,0,9,0,0,1,0,0,0,0,0,1,1,0,3,7,11,0,28,3,2,1,6,0,0,0,3,0,0,0,1,0,0,4,0,106,1,0,5,5,3,0,0,2,0,0,14,1,1,0,0,0,0,0,1,6,0,0,0,0,2,0,5,0,0,12
taric,0,2,0,0,0,5,0,35,1,12,0,0,0,0,10,10,16,17,23,0,0,0,0,23,25,1,16,0,2,2,9,26,0,44,48,10,20,0,3,2,4,0,36,11,9,28,1,0,21,9,0,14,0,0,1,4,17,6,3,13,8,8,0,6,19,2,0,0,17,31,0,3,0,1,0,0,1,6,0,17,0,1,5,22,9,0,4,0,0,0,0,36,4,3,1,7,25,27,0,39,3,1,0,49,0,0,0,2,0,12,1,30,1,280,0,0,37,15,0,2,3,0,0,33,4,0,0,0,17,26,0,1,15,0,0,2,0,16,2,1,2,4,0
teemo,0,0,0,0,1,0,0,2,0,0,0,0,0,0,0,0,2,0,0,0,0,0,0,1,2,0,1,0,0,0,0,0,0,0,0,1,0,1,0,0,1,0,0,0,0,1,0,0,0,1,0,0,0,0,0,0,0,0,0,0,0,0,0,0,1,0,0,0,0,0,0,0,0,0,0,1,0,0,0,1,0,0,0,0,0,0,0,0,0,0,0,1,0,0,0,0,0,0,0,0,0,0,1,0,0,0,0,0,0,0,1,1,0,0,6,1,0,0,0,0,1,0,0,1,0,0,0,0,0,0,0,0,0,0,0,0,0,0,0,0,0,0,0
thresh,0,105,2,2,0,7,0,141,11,100,0,0,0,0,104,39,126,46,232,10,23,16,11,60,262,17,88,0,74,42,69,38,0,174,343,141,61,1,2,59,18,0,210,37,69,136,73,0,334,16,6,53,9,6,7,49,125,31,47,78,126,219,0,71,206,97,15,17,10,243,0,6,0,3,14,0,0,65,0,72,2,31,48,191,2,15,97,0,12,0,11,327,103,39,7,156,73,85,1,136,13,6,15,169,3,0,0,4,0,130,14,105,5,0,1,1923,144,48,0,53,57,4,19,173,23,1,8,18,145,59,2,11,81,27,1,13,1,39,57,15,18,0,0
tristana,0,24,0,136,2,5,2,0,3,47,16,25,1,143,0,37,66,58,87,9,2,17,0,15,116,15,9,1,26,21,48,23,0,108,180,15,10,0,1,15,9,75,141,16,27,0,0,0,0,33,1,29,3,6,8,19,31,8,14,2,37,68,4,16,22,94,4,8,14,106,0,0,0,1,47,22,2,22,0,21,1,8,13,107,15,2,23,0,2,34,3,98,36,9,2,58,48,74,0,94,6,2,6,0,0,3,5,4,0,70,44,66,5,37,0,144,853,34,0,11,0,0,3,4,0,4,3,3,33,18,0,2,0,5,3,10,0,38,9,4,10,1,5
trundle,0,28,0,76,0,17,1,99,4,97,77,5,4,134,65,3,62,9,108,0,2,6,2,42,235,2,182,0,33,7,11,45,0,40,247,103,25,0,1,10,2,26,21,4,9,128,4,0,87,123,3,28,2,1,5,3,5,66,0,38,77,44,7,78,211,68,18,8,31,46,0,15,1,2,40,38,0,43,0,99,0,4,26,44,0,0,63,0,9,9,6,181,8,7,2,23,68,18,0,43,1,0,3,172,0,3,16,7,0,20,32,52,3,15,0,48,34,1129,0,43,6,3,1,64,8,3,5,0,137,65,0,1,16,4,1,6,0,15,10,2,22,0,24
tryndamere,0,0,0,0,0,0,0,0,0,0,0,0,0,0,0,0,0,0,0,0,0,0,0,0,0,0,0,0,0,0,0,0,0,0,0,0,0,0,0,0,0,0,0,0,0,0,0,0,0,0,0,0,0,0,0,0,0,0,0,0,0,0,0,0,0,0,0,0,0,0,0,0,0,0,0,1,0,0,0,0,0,0,0,0,0,0,0,0,0,0,0,1,0,0,0,0,0,0,0,0,0,0,0,0,0,0,0,0,0,0,0,0,0,0,0,0,0,0,1,0,0,0,0,1,0,0,0,0,1,0,0,0,0,0,0,0,0,0,0,0,0,0,0
twistedfate,1,0,0,50,0,0,11,32,0,0,26,4,0,37,10,4,0,2,25,3,0,3,1,18,48,10,22,0,20,16,0,13,0,25,56,30,10,1,0,17,0,22,11,4,2,16,14,0,37,23,0,0,0,0,0,4,9,15,0,7,0,24,6,2,48,7,0,2,5,48,0,1,0,1,4,10,0,19,0,35,0,0,2,0,0,1,13,0,8,0,1,62,3,5,3,10,7,5,1,16,0,0,1,63,0,1,5,3,0,0,5,0,0,2,0,53,11,43,0,306,2,2,2,5,5,1,0,0,0,3,0,0,0,0,1,0,0,3,0,0,1,0,4
twitch,0,8,2,12,1,3,1,0,2,4,0,10,0,45,0,5,15,11,11,0,0,3,0,6,29,1,1,1,3,12,26,2,0,23,34,16,3,0,2,1,5,26,37,2,14,0,0,0,0,26,0,10,1,4,1,7,26,7,7,0,15,28,0,4,7,31,0,2,4,28,0,0,0,0,4,10,0,10,0,8,2,3,7,34,0,0,5,0,0,10,0,34,24,12,1,23,17,16,1,31,0,2,1,0,0,1,5,1,0,24,22,15,2,3,1,57,0,6,0,2,256,0,0,0,1,0,0,0,9,7,0,1,0,1,0,5,0,7,3,0,7,1,3
udyr,0,0,0,6,0,0,0,0,0,1,4,0,0,3,2,0,0,0,4,0,1,0,0,0,0,0,7,0,3,1,0,1,0,0,0,1,1,0,0,1,0,1,0,1,0,0,4,0,3,0,0,0,0,0,0,0,0,0,0,2,1,0,0,1,6,8,0,1,0,0,0,0,0,0,5,0,0,1,0,0,0,0,0,2,0,0,1,0,1,0,0,0,0,0,0,0,0,0,0,1,0,0,4,2,0,0,1,0,0,1,0,0,0,0,0,4,0,3,0,2,0,25,0,0,2,0,0,0,1,1,0,0,0,0,0,0,0,0,1,0,3,0,0
urgot,1,3,0,21,0,2,4,1,0,7,2,1,0,5,3,0,11,10,11,0,0,2,0,1,4,4,4,0,0,5,0,2,0,15,22,1,12,1,0,5,0,11,4,0,0,0,0,0,3,2,2,1,0,0,2,4,0,0,0,4,9,1,4,2,2,11,0,0,0,24,0,0,0,0,5,2,0,22,0,6,0,8,0,3,0,0,0,0,0,0,0,25,0,0,0,16,3,25,0,5,4,0,3,5,0,0,0,0,0,2,0,0,0,0,0,19,3,1,0,2,0,0,106,2,1,0,1,0,2,5,0,0,1,1,1,1,0,0,2,2,0,0,0
varus,1,46,3,91,2,7,9,22,5,34,38,32,14,182,8,74,111,24,209,3,0,3,0,80,254,9,32,2,41,23,80,35,0,73,244,128,8,0,5,9,50,41,102,25,79,32,4,0,18,201,2,22,6,4,2,47,181,11,54,5,46,195,5,12,50,123,2,2,121,192,0,41,1,2,35,66,1,150,0,69,4,6,43,195,12,1,72,0,1,28,3,152,103,70,2,148,98,69,1,169,9,5,4,46,4,5,8,6,0,175,118,103,14,33,1,173,4,64,1,5,0,0,2,1560,5,0,5,0,37,35,0,14,0,3,0,5,0,41,16,7,18,3,154
vayne,0,10,1,50,0,1,5,0,0,23,5,0,0,28,0,3,10,7,4,1,3,2,0,13,21,14,9,0,4,15,1,5,0,16,50,7,12,0,1,7,0,39,9,0,4,0,0,0,0,8,1,5,1,0,0,2,4,2,0,1,7,16,3,5,1,25,1,8,2,35,0,0,0,0,12,6,1,16,0,11,0,5,5,19,5,1,6,0,0,1,0,46,0,5,3,26,10,11,1,16,4,0,4,0,0,0,0,2,0,1,3,4,1,4,0,23,0,8,0,5,1,2,1,5,212,1,1,3,34,6,0,0,0,3,0,5,0,1,5,3,5,0,0
veigar,0,0,0,2,0,0,0,3,0,2,0,0,0,3,6,0,1,1,4,1,0,1,0,2,7,1,6,0,5,0,0,4,0,2,3,4,2,0,0,1,0,2,6,0,0,2,0,0,2,2,0,1,0,0,0,1,2,1,0,1,0,2,0,4,5,2,0,1,0,6,0,0,0,0,4,0,0,1,0,1,0,0,1,0,1,0,1,0,0,1,0,9,0,2,0,3,3,1,0,3,0,0,0,5,0,0,0,0,0,0,4,0,1,0,0,1,4,3,0,1,0,0,0,0,1,41,0,1,3,0,0,0,1,1,1,1,0,2,1,0,1,0,0
velkoz,0,1,0,4,0,0,0,6,0,0,1,0,0,12,3,1,0,1,2,0,0,0,0,2,12,1,4,0,1,1,1,1,0,9,10,3,2,0,0,1,0,2,5,0,2,7,1,0,5,0,0,0,0,0,0,1,0,2,0,2,0,6,0,0,7,2,0,0,1,3,0,2,0,0,2,0,0,2,0,3,0,0,1,1,0,0,8,0,0,4,0,4,1,0,0,0,1,4,0,4,0,0,1,2,0,0,2,0,0,3,5,0,0,0,0,8,3,5,0,0,0,0,1,5,1,0,52,0,1,0,0,0,3,0,0,0,0,5,0,0,0,0,1
vi,0,18,0,2,0,0,12,0,0,4,0,1,0,5,3,1,1,2,13,0,1,0,1,0,0,0,5,0,0,0,0,0,0,5,1,13,4,0,0,6,0,13,0,1,1,1,8,0,11,0,1,6,0,1,0,4,0,0,0,2,11,0,6,16,6,4,0,2,0,23,0,0,0,0,15,0,0,3,0,3,0,0,0,2,0,0,1,0,0,0,0,1,1,0,1,9,1,0,0,4,0,0,2,15,0,0,1,0,0,0,1,0,0,0,0,18,3,0,0,0,0,0,0,0,3,1,0,79,1,2,0,0,0,2,0,0,0,0,10,0,1,0,0
viktor,0,0,1,181,0,0,26,138,0,0,76,6,3,218,89,17,0,3,68,2,0,9,3,83,190,29,147,0,53,28,8,38,0,115,223,97,54,0,3,49,7,62,36,25,15,97,15,0,118,124,0,0,0,1,0,35,42,51,8,37,0,103,7,15,169,42,0,21,18,149,0,24,0,0,36,52,0,87,0,73,3,5,38,0,0,0,75,0,2,11,3,287,28,25,10,64,21,16,0,107,4,2,3,190,2,3,12,14,0,0,54,0,0,17,0,145,33,137,1,0,9,1,2,37,34,3,1,1,1228,5,1,2,13,0,0,3,0,10,1,0,2,0,49
vladimir,1,0,0,56,0,1,6,96,0,12,39,4,3,94,31,13,2,7,11,0,1,0,1,29,75,3,72,0,14,9,11,29,0,70,127,54,34,0,1,40,6,11,35,12,10,81,6,0,40,75,2,3,0,0,2,12,24,14,12,11,0,46,4,6,79,43,0,3,9,46,0,4,0,1,10,30,0,51,0,23,1,6,14,5,2,1,15,0,0,17,0,128,17,32,0,36,6,22,0,67,4,0,3,116,1,5,15,9,0,3,42,3,0,26,0,59,18,65,0,3,7,1,5,35,6,0,0,2,5,631,0,0,14,0,1,5,0,5,5,0,2,0,33
volibear,0,0,0,0,0,0,0,1,0,0,0,0,0,0,1,0,1,0,0,0,0,0,0,0,0,0,1,0,0,1,0,0,0,0,1,0,0,0,0,0,0,0,0,1,0,0,0,0,1,1,0,0,0,0,0,0,0,0,1,0,0,0,0,0,0,1,0,0,0,1,0,0,0,0,0,0,0,0,0,0,0,0,0,0,0,0,0,0,0,0,0,0,0,0,0,0,0,0,0,0,0,0,0,0,0,0,0,0,0,0,0,1,0,0,0,2,0,0,0,0,0,0,0,0,0,0,0,0,1,0,4,0,0,0,0,0,0,0,0,0,0,0,0
warwick,0,2,0,3,0,0,0,4,0,0,2,2,0,4,8,1,7,0,2,0,0,0,0,1,0,0,2,0,4,0,7,0,0,6,5,1,0,0,0,1,0,1,5,1,4,5,0,0,4,4,0,1,1,0,0,4,0,0,1,2,3,1,0,0,1,4,1,0,2,7,0,1,0,0,0,0,0,1,0,0,0,1,0,5,0,0,0,0,0,7,0,0,4,1,0,4,5,0,0,8,0,0,0,3,0,0,0,0,0,8,2,3,1,1,0,11,2,1,0,0,1,0,0,14,0,0,0,0,2,0,0,53,5,0,0,0,0,0,0,2,1,0,4
xayah,2,9,1,38,1,3,0,0,3,4,12,24,2,48,0,28,38,36,51,2,0,2,0,10,61,0,2,0,12,5,62,1,0,51,135,20,2,0,0,1,11,25,101,13,26,0,0,0,0,24,0,17,0,1,5,16,28,1,34,0,29,48,1,0,23,18,0,1,9,53,0,0,0,1,8,2,1,5,0,5,0,3,9,95,5,1,8,0,0,193,1,54,52,7,2,40,7,53,0,47,0,0,1,0,0,0,1,1,0,68,17,69,6,15,0,81,0,16,0,0,0,0,1,0,0,1,3,0,13,14,0,5,528,0,1,1,0,35,0,2,1,1,10
xerath,0,0,0,4,0,0,12,1,0,1,2,2,0,9,1,1,2,1,23,0,0,6,1,0,6,0,12,0,1,3,0,2,0,29,6,22,7,0,0,11,0,36,40,2,1,6,6,0,10,5,0,0,0,2,0,1,5,0,0,7,0,28,9,13,9,7,0,1,0,17,0,1,0,0,9,9,0,7,0,1,1,2,1,0,1,0,1,0,0,0,0,20,2,7,0,10,1,9,0,3,0,0,5,32,0,0,1,0,0,0,1,0,0,0,0,27,5,4,0,0,1,0,1,3,3,1,0,2,0,0,0,0,0,136,0,0,0,2,0,0,0,0,1
xinzhao,0,0,0,2,0,0,0,0,0,1,0,0,0,1,0,1,0,1,2,0,0,0,0,0,0,0,2,0,0,0,0,0,0,0,1,0,1,0,0,0,0,1,0,0,0,0,0,0,1,0,0,0,0,0,0,0,0,0,0,1,0,0,0,0,0,0,0,0,1,1,0,0,0,0,0,0,0,0,0,0,0,0,0,1,0,0,0,0,0,1,0,0,0,0,0,1,1,1,0,0,0,0,0,0,0,0,0,0,0,0,2,0,0,0,0,1,3,1,0,1,0,0,1,0,0,1,0,0,0,1,0,0,1,0,9,0,0,1,1,0,0,0,0
yasuo,0,0,1,24,1,0,4,6,0,2,3,1,0,15,6,0,1,1,21,0,0,1,0,3,6,2,1,0,1,2,1,2,0,0,35,4,3,0,0,1,0,9,4,0,0,3,2,0,8,5,0,0,0,2,1,0,3,0,0,8,2,22,2,1,7,9,1,6,1,15,0,0,1,0,4,8,0,10,0,4,0,1,1,4,0,0,0,0,0,0,0,15,0,1,0,13,7,1,1,2,0,0,2,12,0,0,0,0,0,0,4,1,0,2,0,13,10,6,0,0,5,0,1,5,5,1,0,0,3,5,0,0,1,0,0,104,0,3,0,1,3,0,1
yorick,0,0,0,0,0,0,2,3,0,0,0,0,0,0,3,0,1,0,1,0,0,0,0,0,1,0,0,0,0,0,0,0,0,0,0,3,0,0,0,0,1,0,0,0,0,0,0,0,0,1,1,0,0,0,0,0,1,0,0,0,1,0,0,0,0,2,0,0,2,0,0,0,0,0,0,0,0,0,0,0,0,2,0,0,0,0,0,0,0,0,0,1,0,0,0,0,0,0,0,0,0,0,0,1,0,0,0,0,0,3,0,1,0,0,0,1,0,0,0,0,0,0,0,0,0,0,0,0,0,0,0,0,0,0,0,0,8,0,0,0,0,0,0
zac,0,7,1,34,0,0,3,24,0,17,8,5,2,43,27,17,15,7,24,0,2,0,4,7,1,0,18,0,5,0,16,17,0,43,10,4,3,0,0,1,0,12,27,9,17,18,2,0,32,24,0,11,3,0,0,12,2,1,11,20,18,1,0,1,39,21,0,1,9,10,0,0,0,0,9,3,0,6,0,0,0,0,2,43,5,0,8,0,2,25,1,3,23,0,1,18,15,0,0,31,0,0,3,9,0,0,1,0,0,29,23,27,2,16,0,39,38,15,0,3,7,0,0,41,1,2,5,0,10,5,0,0,35,2,1,3,0,300,3,2,1,4,12
zed,0,0,0,37,0,0,14,23,0,1,8,1,2,32,18,2,2,1,64,1,1,3,1,12,74,3,36,0,7,5,2,3,0,7,42,29,2,0,0,1,4,39,25,1,3,27,8,0,30,21,2,7,0,3,0,12,31,5,3,5,0,25,6,20,59,44,0,8,7,56,0,3,0,1,30,26,0,34,0,32,1,2,8,0,0,3,16,0,0,2,0,44,5,12,3,60,17,15,0,18,1,1,2,29,0,3,1,1,0,0,12,0,0,2,0,57,9,10,0,0,3,1,2,16,5,1,0,10,1,5,0,0,0,0,1,0,0,3,354,4,2,0,17
ziggs,0,1,0,12,0,0,0,6,0,1,6,0,0,8,3,5,1,4,4,0,0,2,0,3,15,0,4,0,8,0,1,1,0,11,19,12,2,0,1,3,0,7,12,1,30,3,4,0,5,16,0,1,1,0,0,9,12,2,0,2,1,13,0,1,8,8,0,0,7,16,0,2,1,0,2,2,0,8,0,4,0,1,3,1,0,0,6,0,0,3,1,12,8,10,1,4,7,9,0,12,1,1,1,9,0,0,0,1,0,6,8,4,5,1,0,15,4,2,0,0,0,0,2,7,3,0,0,0,0,0,0,2,2,0,0,1,0,2,4,121,0,0,14
zilean,0,1,0,23,0,1,0,24,0,1,19,0,0,50,23,10,1,0,16,0,0,4,2,13,25,1,25,0,15,6,1,10,0,15,42,36,7,0,0,27,2,9,5,4,2,19,2,0,16,27,0,1,0,1,0,4,16,16,3,14,3,13,2,3,42,9,0,0,3,19,0,0,0,0,6,13,1,18,0,21,0,0,13,6,1,0,23,0,3,0,3,37,6,15,0,12,10,6,0,14,0,0,2,25,0,0,1,3,0,4,7,1,0,2,0,18,10,22,0,1,7,3,0,18,5,1,0,1,2,2,0,1,1,0,0,3,0,1,2,0,249,0,12
zoe,0,0,0,5,0,0,0,0,0,0,0,0,0,5,3,1,0,2,0,0,0,0,0,0,0,0,6,0,0,0,0,8,0,5,0,0,0,0,0,0,0,1,10,2,0,0,0,0,3,1,0,0,0,0,0,0,2,0,0,5,0,0,0,0,0,0,0,0,0,1,0,0,0,0,0,0,0,0,0,2,0,0,1,0,3,0,0,0,0,1,0,0,0,0,0,0,0,5,0,3,0,0,1,1,0,0,0,0,0,0,5,0,0,4,0,0,1,0,0,0,1,0,0,3,0,0,0,0,0,0,0,0,1,0,0,0,0,4,0,0,0,24,0
zyra,0,27,0,0,0,9,0,207,11,15,0,0,0,1,70,25,53,2,58,2,0,1,0,26,90,0,60,0,33,10,24,8,0,13,88,79,4,0,3,15,24,0,31,2,52,145,1,0,7,17,0,10,8,2,0,29,110,4,19,1,28,130,0,6,35,2,0,0,4,100,0,9,0,0,0,0,0,75,0,15,4,1,28,83,0,0,37,0,0,0,0,99,48,68,1,67,59,5,0,101,0,3,3,15,0,0,0,3,0,74,3,62,12,0,0,0,5,24,0,4,3,0,0,154,0,0,1,0,49,33,0,4,10,1,0,1,0,12,17,14,12,0,730
